ID,Nombre y Apellido,Direccion,Telefono,Mail,Documento
1,Nombre y Apellido1,Dirección1,1 12345,Mail 1,1 12345
2,Nombre y Apellido2,Dirección2,2 12345,Mail 2,2 12345
3,Nombre y Apellido3,Dirección3,3 12345,Mail 3,3 12345
4,Nombre y Apellido4,Dirección4,4 12345,Mail 4,4 12345
5,Nombre y Apellido5,Dirección5,5 12345,Mail 5,5 12345
6,Nombre y Apellido6,Dirección6,6 12345,Mail 6,6 12345
7,Nombre y Apellido7,Dirección7,7 12345,Mail 7,7 12345
8,Nombre y Apellido8,Dirección8,8 12345,Mail 8,8 12345
9,Nombre y Apellido9,Dirección9,9 12345,Mail 9,9 12345
